customer_id,avg_rating,feedback_count
1,5.0,1
2,1.0,1
3,5.0,2
4,4.0,1
6,2.6666666666666665,3
8,3.0,1
9,1.0,1
12,4.0,1
13,1.0,1
17,3.0,1
18,4.0,2
19,1.0,1
21,4.0,1
22,4.5,2
25,2.0,1
26,1.0,1
28,4.0,3
30,1.0,2
31,4.0,1
34,3.0,3
35,2.0,3
36,1.0,2
37,3.0,2
38,2.0,1
40,4.333333333333333,3
41,4.0,2
45,2.5,2
46,2.0,1
48,5.0,1
49,3.0,2
50,3.0,1
